{"options":{"check_for_updates":true,"comment":null,"compat_foreach":false,"compat_metadata":false,"compat_powerful_this":null,"compat_wrappedjsobject":false,"compatopts_for_requires":true,"noframes":null,"override":{"merge_connects":true,"merge_excludes":true,"merge_includes":true,"merge_matches":true,"orig_connects":[],"orig_excludes":[],"orig_includes":[],"orig_matches":["*://*.123pan.com/*","*://*.123pan.cn/*","*://*.123684.com/*","*://*.123865.com/*","*://*.123952.com/*"],"orig_noframes":null,"orig_run_at":"document-start","orig_run_in":[],"orig_tags":[],"use_blockers":[],"use_connects":[],"use_excludes":[],"use_includes":[],"use_matches":[]},"run_at":null,"run_in":null,"sandbox":null,"tags":[],"unwrap":null,"user_modified":null},"settings":{"enabled":false,"position":28},"meta":{"name":"123云盘解锁","uuid":"13b96dad-1bfd-43cb-9a92-aba798c28b33","modified":1751336803623,"file_url":"https://update.greasyfork.org/scripts/519353/123%E4%BA%91%E7%9B%98%E8%A7%A3%E9%94%81.user.js"}}