{"options":{"check_for_updates":true,"comment":null,"compat_foreach":false,"compat_metadata":false,"compat_powerful_this":null,"compat_wrappedjsobject":false,"compatopts_for_requires":true,"noframes":null,"override":{"merge_connects":true,"merge_excludes":true,"merge_includes":true,"merge_matches":true,"orig_connects":["api.bilibili.com"],"orig_excludes":[],"orig_includes":["http://space.bilibili.com/*","https://space.bilibili.com/*"],"orig_matches":[],"orig_noframes":null,"orig_run_at":"document-idle","orig_run_in":[],"orig_tags":[],"use_blockers":[],"use_connects":[],"use_excludes":[],"use_includes":[],"use_matches":[]},"run_at":null,"run_in":null,"sandbox":null,"tags":[],"unwrap":null,"user_modified":null},"settings":{"enabled":true,"position":26},"meta":{"name":"[Bilibili] 关注管理器","uuid":"fa216d37-d69b-4bda-9dcb-0318e966bf71","modified":1739765710356,"file_url":"https://update.greasyfork.org/scripts/428895/%5BBilibili%5D%20%E5%85%B3%E6%B3%A8%E7%AE%A1%E7%90%86%E5%99%A8.user.js"}}