{"options":{"check_for_updates":true,"comment":null,"compat_foreach":false,"compat_metadata":false,"compat_powerful_this":null,"compat_wrappedjsobject":false,"compatopts_for_requires":true,"noframes":null,"override":{"merge_connects":true,"merge_excludes":true,"merge_includes":true,"merge_matches":true,"orig_connects":["*"],"orig_excludes":[],"orig_includes":[],"orig_matches":["*://*.bilibili.com/*"],"orig_noframes":null,"orig_run_at":"document-start","orig_run_in":[],"orig_tags":[],"use_blockers":[],"use_connects":["fastly.jsdelivr.net","biliplus.com","jijidown.com"],"use_excludes":[],"use_includes":[],"use_matches":[]},"run_at":null,"run_in":null,"sandbox":null,"tags":[],"unwrap":null,"user_modified":null},"settings":{"enabled":false,"position":23},"meta":{"name":"Bilibili 旧播放页","uuid":"bf0aacf5-b6b8-4e39-acdc-63ed89b01ea6","modified":1737257960415,"file_url":"https://update.greasyfork.org/scripts/394296/Bilibili%20%E6%97%A7%E6%92%AD%E6%94%BE%E9%A1%B5.user.js"}}