{"options":{"check_for_updates":true,"comment":null,"compat_foreach":false,"compat_metadata":false,"compat_powerful_this":null,"compat_wrappedjsobject":false,"compatopts_for_requires":true,"noframes":null,"override":{"merge_connects":true,"merge_excludes":true,"merge_includes":true,"merge_matches":true,"orig_connects":["www.iflyrec.com"],"orig_excludes":[],"orig_includes":[],"orig_matches":["https://github.com/*","https://skills.github.com/*","https://gist.github.com/*","https://www.githubstatus.com/*"],"orig_noframes":null,"orig_run_at":"document-end","orig_run_in":[],"orig_tags":[],"use_blockers":[],"use_connects":[],"use_excludes":[],"use_includes":[],"use_matches":[]},"run_at":null,"run_in":null,"sandbox":null,"tags":[],"unwrap":null,"user_modified":null},"settings":{"enabled":true,"position":12},"meta":{"name":"GitHub 中文化插件","uuid":"84931f86-04c2-4a32-a008-6fb2a7613954","modified":1751084592280,"file_url":"https://update.greasyfork.org/scripts/435208/GitHub%20%E4%B8%AD%E6%96%87%E5%8C%96%E6%8F%92%E4%BB%B6.user.js"}}