{"options":{"check_for_updates":true,"comment":null,"compat_foreach":false,"compat_metadata":false,"compat_powerful_this":null,"compat_wrappedjsobject":false,"compatopts_for_requires":true,"noframes":null,"override":{"merge_connects":true,"merge_excludes":true,"merge_includes":true,"merge_matches":true,"orig_connects":["i.pximg.net","source.pixiv.net","rule34.xxx","donmai.us","yande.re","allthefallen.moe","konachan.com","konachan.net","sakugabooru.com","safebooru.org","gelbooru.com","e621.net","e926.net","e6ai.net","nijie.net","rule34vault.com","r34xyz.b-cdn.net","r34i.paheal-cdn.net","rule34.us"],"orig_excludes":[],"orig_includes":[],"orig_matches":["https://www.pixiv.net/*","https://rule34.xxx/*","https://danbooru.donmai.us/*","https://yande.re/*","https://booru.allthefallen.moe/*","https://konachan.com/*","https://konachan.net/*","https://www.sakugabooru.com/*","https://safebooru.org/*","https://gelbooru.com/*","https://e621.net/*","https://e926.net/*","https://e6ai.net/*","https://nijie.info/*","https://rule34vault.com/*","https://rule34.paheal.net/*","https://rule34.us/*"],"orig_noframes":true,"orig_run_at":"document-idle","orig_run_in":[],"orig_tags":[],"use_blockers":[],"use_connects":[],"use_excludes":[],"use_includes":[],"use_matches":[]},"run_at":null,"run_in":null,"sandbox":null,"tags":[],"unwrap":null,"user_modified":null},"settings":{"enabled":true,"position":8},"meta":{"name":"Pixiv Downloader","uuid":"d3dc1ea0-54c2-435f-8185-c067a974f683","modified":1746003289459,"file_url":"https://update.greasyfork.org/scripts/432150/Pixiv%20Downloader.user.js"}}