{"options":{"check_for_updates":true,"comment":null,"compat_foreach":false,"compat_metadata":false,"compat_powerful_this":null,"compat_wrappedjsobject":false,"compatopts_for_requires":true,"noframes":null,"override":{"merge_connects":true,"merge_excludes":true,"merge_includes":true,"merge_matches":true,"orig_connects":["i.pximg.net","i-f.pximg.net","i-cf.pximg.net"],"orig_excludes":[],"orig_includes":["http*://www.pixiv.net*"],"orig_matches":["http://www.pixiv.net/"],"orig_noframes":true,"orig_run_at":"document-end","orig_run_in":[],"orig_tags":[],"use_blockers":[],"use_connects":[],"use_excludes":[],"use_includes":[],"use_matches":[]},"run_at":null,"run_in":null,"sandbox":null,"tags":[],"unwrap":null,"user_modified":null},"settings":{"enabled":true,"position":5},"meta":{"name":"Pixiv Plus","uuid":"d356d563-c008-4ca7-a2d9-d8049dd5943b","modified":1746003290575,"file_url":"https://update.greasyfork.org/scripts/34153/Pixiv%20Plus.user.js"}}