{"options":{"check_for_updates":true,"comment":null,"compat_foreach":false,"compat_metadata":false,"compat_powerful_this":null,"compat_wrappedjsobject":false,"compatopts_for_requires":true,"noframes":null,"override":{"merge_connects":true,"merge_excludes":true,"merge_includes":true,"merge_matches":true,"orig_connects":["rssplus.vercel.app","rssplus.pages.dev","rssfind.val.run","rssplus.deno.dev","rssplus.mdict.workers.dev"],"orig_excludes":[],"orig_includes":[],"orig_matches":["http://*/*","https://*/*"],"orig_noframes":true,"orig_run_at":"document-idle","orig_run_in":[],"orig_tags":[],"use_blockers":[],"use_connects":[],"use_excludes":[],"use_includes":[],"use_matches":[]},"run_at":null,"run_in":null,"sandbox":null,"tags":[],"unwrap":null,"user_modified":null},"settings":{"enabled":true,"position":13},"meta":{"name":"RSS+ : Show Site All RSS","uuid":"9fd6450b-85d6-4585-a7e7-91a255f57951","modified":1751387408944,"file_url":"https://update.greasyfork.org/scripts/373252/RSS%2B%20%3A%20Show%20Site%20All%20RSS.user.js"}}