{"options":{"check_for_updates":true,"comment":null,"compat_foreach":false,"compat_metadata":false,"compat_powerful_this":null,"compat_wrappedjsobject":false,"compatopts_for_requires":true,"noframes":null,"override":{"merge_connects":true,"merge_excludes":true,"merge_includes":true,"merge_matches":true,"orig_connects":[],"orig_excludes":[],"orig_includes":[],"orig_matches":["https://x.com/*","https://mobile.x.com/*","https://twitter.com/*","https://mobile.twitter.com/*"],"orig_noframes":null,"orig_run_at":"document-idle","orig_run_in":[],"use_blockers":[],"use_connects":[],"use_excludes":[],"use_includes":[],"use_matches":[]},"run_at":null,"run_in":null,"sandbox":null,"tags":[],"unwrap":null,"user_modified":null},"settings":{"enabled":true,"position":14},"meta":{"name":"Video Quality Fixer for X (Twitter)","uuid":"469b1595-f789-4af4-b5dd-c20711643377","modified":1719397084874,"file_url":"https://update.greasyfork.org/scripts/399827/Video%20Quality%20Fixer%20for%20X%20%28Twitter%29.user.js"}}