{"options":{"check_for_updates":true,"comment":null,"compat_foreach":false,"compat_metadata":false,"compat_powerful_this":null,"compat_wrappedjsobject":false,"compatopts_for_requires":true,"noframes":null,"override":{"merge_connects":true,"merge_excludes":true,"merge_includes":true,"merge_matches":true,"orig_connects":[],"orig_excludes":["https://www.zhihu.com/signin*"],"orig_includes":[],"orig_matches":["*://www.zhihu.com/*","*://zhuanlan.zhihu.com/*"],"orig_noframes":null,"orig_run_at":"document-end","orig_run_in":[],"orig_tags":[],"use_blockers":[],"use_connects":[],"use_excludes":[],"use_includes":[],"use_matches":[]},"run_at":null,"run_in":null,"sandbox":"JavaScript","tags":[],"unwrap":null,"user_modified":null},"settings":{"enabled":true,"position":4},"meta":{"name":"Zhihu enhancement","uuid":"952734b2-f474-475c-8e38-38f3ca17e397","modified":1749658049514,"file_url":"https://update.greasyfork.org/scripts/419081/%E7%9F%A5%E4%B9%8E%E5%A2%9E%E5%BC%BA.user.js"}}