{"options":{"check_for_updates":true,"comment":null,"compat_foreach":false,"compat_metadata":false,"compat_powerful_this":null,"compat_wrappedjsobject":false,"compatopts_for_requires":true,"noframes":null,"override":{"merge_connects":true,"merge_excludes":true,"merge_includes":true,"merge_matches":true,"orig_connects":["youdao.com","iciba.com","translate.google.com","hjenglish.com","bing.com","chinacloudapi.cn","cambridge.org"],"orig_excludes":[],"orig_includes":["https://*/*","file:///*"],"orig_matches":["http://*/*"],"orig_noframes":null,"orig_run_at":"document-idle","orig_run_in":[],"use_blockers":[],"use_connects":[],"use_excludes":[],"use_includes":[],"use_matches":[]},"run_at":null,"run_in":null,"sandbox":null,"tags":[],"unwrap":null,"user_modified":null},"settings":{"enabled":true,"position":10},"meta":{"name":"划词翻译：多词典查询","uuid":"cf10d0df-9770-4741-9e92-969ecd85a5da","modified":1721235838688,"file_url":"https://update.greasyfork.org/scripts/376313/%E5%88%92%E8%AF%8D%E7%BF%BB%E8%AF%91%EF%BC%9A%E5%A4%9A%E8%AF%8D%E5%85%B8%E6%9F%A5%E8%AF%A2.user.js"}}