{"options":{"check_for_updates":true,"comment":null,"compat_foreach":false,"compat_metadata":false,"compat_powerful_this":null,"compat_wrappedjsobject":false,"compatopts_for_requires":true,"noframes":null,"override":{"merge_connects":true,"merge_excludes":true,"merge_includes":true,"merge_matches":true,"orig_connects":[],"orig_excludes":[],"orig_includes":["/^https:\\/\\/www\\.mikuclub\\.\\w+\\/\\d*/"],"orig_matches":["https://www.mikuclub.win/*"],"orig_noframes":null,"orig_run_at":"document-idle","orig_run_in":[],"use_blockers":[],"use_connects":[],"use_excludes":[],"use_includes":[],"use_matches":[]},"run_at":null,"run_in":null,"sandbox":null,"tags":[],"unwrap":null,"user_modified":null},"settings":{"enabled":true,"position":21},"meta":{"name":"初音社网页体验优化","uuid":"3dc24b06-306f-4b60-9534-1b4196df460d","modified":1687508505074,"file_url":"https://cdn.mikuclub.fun/js/%E5%88%9D%E9%9F%B3%E7%A4%BE%E7%BD%91%E9%A1%B5%E4%BC%98%E5%8C%96/%E5%88%9D%E9%9F%B3%E7%A4%BE%E7%BD%91%E9%A1%B5%E4%BC%98%E5%8C%96.0.1.user.js"}}