{"options":{"check_for_updates":true,"comment":null,"compat_foreach":false,"compat_metadata":false,"compat_powerful_this":null,"compat_wrappedjsobject":false,"compatopts_for_requires":true,"noframes":null,"override":{"merge_connects":true,"merge_excludes":true,"merge_includes":true,"merge_matches":true,"orig_connects":["idey.cn","baidu.com","baidupcs.com","*"],"orig_excludes":[],"orig_includes":[],"orig_matches":["*://pan.baidu.com/disk/main*","*://yun.baidu.com/disk/main*","*://pan.baidu.com/disk/home*","*://yun.baidu.com/disk/home*"],"orig_noframes":null,"orig_run_at":"document-start","orig_run_in":[],"use_blockers":[],"use_connects":[],"use_excludes":[],"use_includes":[],"use_matches":[]},"run_at":null,"run_in":null,"sandbox":null,"tags":[],"unwrap":null,"user_modified":null},"settings":{"enabled":true,"position":19},"meta":{"name":"百度网盘秒传链接提取(最新可维护版本)","uuid":"67d3813e-6002-49e7-af89-43778694dbb5","modified":1689723273475,"file_url":"https://greasyfork.org/scripts/427628-%E7%99%BE%E5%BA%A6%E7%BD%91%E7%9B%98%E7%A7%92%E4%BC%A0%E9%93%BE%E6%8E%A5%E6%8F%90%E5%8F%96-%E6%9C%80%E6%96%B0%E5%8F%AF%E7%BB%B4%E6%8A%A4%E7%89%88%E6%9C%AC/code/%E7%99%BE%E5%BA%A6%E7%BD%91%E7%9B%98%E7%A7%92%E4%BC%A0%E9%93%BE%E6%8E%A5%E6%8F%90%E5%8F%96(%E6%9C%80%E6%96%B0%E5%8F%AF%E7%BB%B4%E6%8A%A4%E7%89%88%E6%9C%AC).user.js"}}