{"options":{"check_for_updates":true,"comment":null,"compat_foreach":false,"compat_metadata":false,"compat_powerful_this":null,"compat_wrappedjsobject":false,"compatopts_for_requires":true,"noframes":null,"override":{"merge_connects":true,"merge_excludes":true,"merge_includes":true,"merge_matches":true,"orig_connects":["fanyi.baidu.com","translate.google.com","ifanyi.iciba.com","www.bing.com","fanyi.youdao.com","dict.youdao.com","m.youdao.com","api.interpreter.caiyunai.com","papago.naver.com","fanyi.qq.com","translate.alibaba.com","www2.deepl.com","transmart.qq.com"],"orig_excludes":[],"orig_includes":[],"orig_matches":["*://*.twitter.com/*","*://*.x.com/*","*://*.youtube.com/*","*://*.facebook.com/*","*://*.reddit.com/*","*://*.5ch.net/*","*://*.discord.com/*","*://*.telegram.org/*","*://*.quora.com/*","*://*.tiktok.com/*","*://*.instagram.com/*","*://*.threads.net/*","*://*.github.com/*","*://*.bsky.app/*"],"orig_noframes":null,"orig_run_at":"document-body","orig_run_in":[],"orig_tags":[],"use_blockers":[],"use_connects":[],"use_excludes":[],"use_includes":[],"use_matches":[]},"run_at":null,"run_in":null,"sandbox":null,"tags":[],"unwrap":null,"user_modified":null},"settings":{"enabled":true,"position":6},"meta":{"name":"翻译机","uuid":"df8b28c9-ca51-4574-9332-a0ae5755ee88","modified":1737167863762,"file_url":"https://update.greasyfork.org/scripts/378277/%E7%BF%BB%E8%AF%91%E6%9C%BA.user.js"}}