{"options":{"check_for_updates":true,"comment":null,"compat_foreach":false,"compat_metadata":false,"compat_powerful_this":null,"compat_wrappedjsobject":false,"compatopts_for_requires":true,"noframes":null,"override":{"merge_connects":true,"merge_excludes":true,"merge_includes":true,"merge_matches":true,"orig_connects":[],"orig_excludes":[],"orig_includes":[],"orig_matches":["*://lanzou.com/u","*://www.lanzou.com/u","*://www.lanzou.com/account.php*","*://up.woozooo.com/u","*://up.woozooo.com/mydisk.php*","*://pc.woozooo.com/u","*://pc.woozooo.com/mydisk.php*","*://pan.lanzou.com/*","*://*.lanzoub.com/*","*://*.lanzoue.com/*","*://*.lanzouf.com/*","*://*.lanzouh.com/*","*://*.lanzoui.com/*","*://*.lanzouj.com/*","*://*.lanzoul.com/*","*://*.lanzoum.com/*","*://*.lanzouo.com/*","*://*.lanzoup.com/*","*://*.lanzouq.com/*","*://*.lanzout.com/*","*://*.lanzouu.com/*","*://*.lanzouv.com/*","*://*.lanzouw.com/*","*://*.lanzoux.com/*","*://*.lanzouy.com/*","*://*.lanzob.com/*","*://*.lanzoe.com/*","*://*.lanzof.com/*","*://*.lanzoh.com/*","*://*.lanzoi.com/*","*://*.lanzoj.com/*","*://*.lanzol.com/*","*://*.lanzom.com/*","*://*.lanzoo.com/*","*://*.lanzop.com/*","*://*.lanzoq.com/*","*://*.lanzot.com/*","*://*.lanzov.com/*","*://*.lanzow.com/*","*://*.lanzox.com/*","*://*.lanzoy.com/*","*://*.lanzb.com/*","*://*.lanze.com/*","*://*.lanzf.com/*","*://*.lanzh.com/*","*://*.lanzi.com/*","*://*.lanzj.com/*","*://*.lanzl.com/*","*://*.lanzm.com/*","*://*.lanzo.com/*","*://*.lanzp.com/*","*://*.lanzq.com/*","*://*.lanzt.com/*","*://*.lanzv.com/*","*://*.lanzw.com/*","*://*.lanzx.com/*","*://*.lanzy.com/*"],"orig_noframes":true,"orig_run_at":"document-end","orig_run_in":[],"use_blockers":[],"use_connects":[],"use_excludes":[],"use_includes":[],"use_matches":[]},"run_at":null,"run_in":null,"sandbox":"JavaScript","tags":[],"unwrap":null,"user_modified":null},"settings":{"enabled":true,"position":20},"meta":{"name":"蓝奏云网盘增强","uuid":"92715a14-aa32-404f-add6-f861ad919a2d","modified":1727669211702,"file_url":"https://update.greasyfork.org/scripts/419224/%E8%93%9D%E5%A5%8F%E4%BA%91%E7%BD%91%E7%9B%98%E5%A2%9E%E5%BC%BA.user.js"}}