{"options":{"check_for_updates":true,"comment":null,"compat_foreach":false,"compat_metadata":false,"compat_powerful_this":null,"compat_wrappedjsobject":false,"compatopts_for_requires":true,"noframes":null,"override":{"merge_connects":true,"merge_excludes":true,"merge_includes":true,"merge_matches":true,"orig_connects":[],"orig_excludes":[],"orig_includes":["/^https?:\\/\\/(bangumi|bgm|chii)\\.(tv|in)\\/subject\\/.*$/"],"orig_matches":[],"orig_noframes":null,"orig_run_at":"document-idle","orig_run_in":[],"use_blockers":[],"use_connects":[],"use_excludes":[],"use_includes":[],"use_matches":[]},"run_at":null,"run_in":null,"sandbox":null,"tags":[],"unwrap":null,"user_modified":null},"settings":{"enabled":true,"position":18},"meta":{"name":"评分显示优化","uuid":"23dd2238-1c03-4339-bb3b-0fbc92a486c0","modified":1685498331507}}