{"options":{"check_for_updates":false,"comment":null,"compat_foreach":false,"compat_metadata":false,"compat_powerful_this":null,"compat_wrappedjsobject":false,"compatopts_for_requires":true,"noframes":null,"override":{"merge_connects":true,"merge_excludes":true,"merge_includes":true,"merge_matches":true,"orig_connects":["iesdouyin.com","47.99.158.118","api.typechrome.com","gitlab.com"],"orig_excludes":[],"orig_includes":[],"orig_matches":["*://*.douyin.com/*","*://*.kuaishou.com/*","*://*.ixigua.com/*","*://*.bilibili.com/*","*://*.youtube.com/*"],"orig_noframes":null,"orig_run_at":"document-idle","orig_run_in":[],"use_blockers":[],"use_connects":[],"use_excludes":[],"use_includes":[],"use_matches":[]},"run_at":null,"run_in":null,"sandbox":null,"tags":[],"unwrap":null,"user_modified":null},"settings":{"enabled":true,"position":25},"meta":{"name":"💯 懒人专用系列 ——— 视频下载","uuid":"05b57c5e-ba87-4b41-a9d4-5c09bd5f9859","modified":1725084712437,"file_url":"https://update.greasyfork.org/scripts/469521/%F0%9F%92%AF%20%E6%87%92%E4%BA%BA%E4%B8%93%E7%94%A8%E7%B3%BB%E5%88%97%20%E2%80%94%E2%80%94%E2%80%94%20%E8%A7%86%E9%A2%91%E4%B8%8B%E8%BD%BD.user.js"}}