{"options":{"check_for_updates":true,"comment":null,"compat_foreach":false,"compat_metadata":false,"compat_powerful_this":null,"compat_wrappedjsobject":false,"compatopts_for_requires":true,"noframes":null,"override":{"merge_connects":true,"merge_excludes":true,"merge_includes":true,"merge_matches":true,"orig_connects":["api.94speed.com"],"orig_excludes":[],"orig_includes":[],"orig_matches":["https://pan.baidu.com/*"],"orig_noframes":null,"orig_run_at":"document-idle","orig_run_in":[],"use_blockers":[],"use_connects":[],"use_excludes":[],"use_includes":[],"use_matches":[]},"run_at":null,"run_in":null,"sandbox":null,"tags":[],"unwrap":null,"user_modified":null},"settings":{"enabled":true,"position":17},"meta":{"name":"🔥【就是加速】百度网盘无限速批量下载 - 支持文件夹下载 🔥","uuid":"8e4a9996-20fd-47a4-acad-d08d9eeeff8b","modified":1692111154410,"file_url":"https://greasyfork.org/scripts/463707-%E5%B0%B1%E6%98%AF%E5%8A%A0%E9%80%9F-%E7%99%BE%E5%BA%A6%E7%BD%91%E7%9B%98%E6%97%A0%E9%99%90%E9%80%9F%E6%89%B9%E9%87%8F%E4%B8%8B%E8%BD%BD/code/%E3%80%90%E5%B0%B1%E6%98%AF%E5%8A%A0%E9%80%9F%E3%80%91%E7%99%BE%E5%BA%A6%E7%BD%91%E7%9B%98%E6%97%A0%E9%99%90%E9%80%9F%E6%89%B9%E9%87%8F%E4%B8%8B%E8%BD%BD.user.js"}}